<?xml version="1.0" encoding="UTF-8" standalone="yes"?>
<addon id="repository.xbmc-pal" name=".[COLOR blue]XBMC palestinei [/COLOR][COLOR white] Streaming Sites[/COLOR]" version="1.5.0" provider-name="cubicle-vdo">
    <extension point="xbmc.addon.repository" name="XBMC palestinei streaming repo for streaming sites">
        <info compressed="false">https://raw.github.com/yosir/xbmc-pal/xbmc-pal/master/addons.xml</info>
        <checksum>https://raw.github.com/yosir/xbmc-pal/xbmc-israel/master/addons.xml.md5</checksum>
        <datadir zip="true">https://raw.github.com/yosir/xbmc-pal/master/repo</datadir>
    </extension>
    <extension point="xbmc.addon.metadata">
        <summary>XBMC palestinei Streaming Sites</summary>
        <description>Download and install addons for XBMC palestine streaming repo for streaming sites</description>
        <platform>all</platform>
    </extension>
</addon>